{
  "project_info": {
    "project_number": "435183598732",
    "project_id": "toko-buku-9163d",
    "storage_bucket": "toko-buku-9163d.appspot.com"
  },
  "client": [
    {
      "client_info": {
        "mobilesdk_app_id": "1:435183598732:android:517645135dedcc49788fa9",
        "android_client_info": {
          "package_name": "com.putri.projectakhirmobile"
        }
      },
      "oauth_client": [
        {
          "client_id": "435183598732-608tiidovqm11a36t97vtlp2j3he37fu.apps.googleusercontent.com",
          "client_type": 3
        }
      ],
      "api_key": [
        {
          "current_key": "AIzaSyAVfBqIEolPnXj7SHMe41fwFm7p08y8ddc"
        }
      ],
      "services": {
        "appinvite_service": {
          "other_platform_oauth_client": [
            {
              "client_id": "435183598732-608tiidovqm11a36t97vtlp2j3he37fu.apps.googleusercontent.com",
              "client_type": 3
            }
          ]
        }
      }
    }
  ],
  "configuration_version": "1"
}